use agronomig;


--
-- Extraindo dados da tabela `entregador`
--

INSERT INTO `entregador` (`cpf`, `nome`, `placa`, `cnh`) VALUES
('444.555.444-22', 'Cleber', 'XXX0000', '758624158975'),
('555.444.888-12', 'Glauber', 'ZZZ1111', '954862478652'),
('656.595.474-26', 'Marcos', 'JJJ8888', '652489752136'),
('858.585.484-29', 'Pedro', 'BBB5555', '125798456215'),
('888.555.444-29', 'Gerson', 'AAA8888', '458632487562');


--
-- Extraindo dados da tabela `adm`
--

INSERT INTO `adm` (`id`, `nome`, `login`, `senha`) VALUES
(1, 'Mário Willian', 'Mario', '123'),
(2, 'Italo Almeida', 'Italo', '123'),
(3, 'Silvio Daniel', 'Silvio', '123'),
(4, 'Victor Santos', 'Victor', '123'),
(5, 'Lorena Alves ', 'Lorena', '123');

--
-- Extraindo dados da tabela `comentarios`
--

INSERT INTO `comentarios` (`id`, `nome`, `email`, `telefone`, `mensagem`) VALUES
(1, 'Mario', 'mario@gmail.com', '995562181', 'Site muito Bom '),
(2, 'Mario', 'mario@gmail.com', '995562181', 'Já vi melhores'),
(3, 'Silvio', 'silvio@outlook.com', '31992297481', 'Melhorem a usabilidade'),
(4, 'Silvio', 'silvio@outlook.com', '31992297481', 'Lixo'),
(5, 'Carlos', 'carlos@outlook.com', '31993258592', 'Muto bom');


--
-- Extraindo dados da tabela `cliente`
--

INSERT INTO `cliente` (`cpf`, `nome`, `usuario`, `senha`, `endereco`, `estado`, `telefone`, `email`, `pagamento`, `ativo`) VALUES
('111.222.333-45', 'Carlos', 'Carlos', '123', 'Rua B,rio acima,46', 'MG', '987478571', 'carlos@gmail.com', 'Boleto Bancário', 1),
('111.222.562-89', 'Jessica', 'Jessica', '252', 'Rua B,rio acima,993', 'MG', '987128571', 'jessica@gmail.com', 'Boleto Bancário', 1),
('111.252.333-29', 'Antonio', 'antonio', '789', 'Rua l,rio acima,39', 'MG', '987478563', 'antonio@gmail.com', 'Boleto Bancário', 1),
('111.333.333-45', 'Lucas', 'Lucas', '789', 'Rua da pedra,Belo Horizonte,556', 'MG', '987478581', 'lucas@gmail.com', 'Boleto Bancário', 1),
('121.222.333-45', 'Pedro', 'Pedro', '123', 'Rua C,rio acima,32', 'MG', '984578571', 'pedro@gmail.com', 'Boleto Bancário', 1),
('211.222.333-45', 'Leandro', 'Leandro', '456', 'Rua D,rio acima,79', 'MG', '987478971', 'leandro@gmail.com', 'Boleto Bancário', 1),
('214.789.333-45', 'Matheus', 'Matheus', '99', 'Rua B,rio acima,3578', 'MG', '927478571', 'matheus@hotmail.com', 'Boleto Bancário', 1),
('444.222.333-45', 'Maria', 'Mariazinha', '999', 'Rua B,rio acima,312', 'MG', '984478571', 'maria@gmail.com', 'Boleto Bancário', 1),
('852.222.333-45', 'Ana Carla', 'Carlinha', '888', 'Rua J,rio acima,1', 'MG', '987477571', 'aninha@gmail.com', 'Boleto Bancário', 1),
('985.222.333-45', 'Jessico', 'Jessico', '333', 'Rua X,rio acima,534', 'MG', '987988571', 'jessico@gmail.com', 'Boleto Bancário', 1);

--
-- Extraindo dados da tabela `vendedor`
--

INSERT INTO `vendedor` (`cpf`, `nome`, `usuario`, `senha`, `endereco`, `estado`, `telefone`, `email`, `banco`, `agencia`, `conta`, `avaliacao`, `ativo`) VALUES
('824.789.126-85', 'Albert ', 'Albert', '566', 'Rua X,belo horizonte,78', 'MG', '31992277481', 'albert@gmail.com', 'Banco do Brasil', '5555-2', '7854-4', 0, 1),
('824.789.456-85', 'Genji', 'Genji', '789', 'Rua boa,belo horizonte,98', 'MG', '31995571548', 'genji@gmail.com', 'Bando do Brasil', '3333-2', '8954-4', 0, 1),
('824.789.475-85', 'Ana', 'Ana', '99', 'Rua triste,belo horizonte,45', 'MG', '31995577481', 'ana@gmail.com', 'Banco do Brasil', '5555-2', '9999-4', 0, 1),
('824.789.479-85', 'Adam', 'Adam', '89', 'Rua não tão boa,belo horizonte,45', 'MG', '31995545481', 'adam@gmail.com', 'Santander', '5555-2', '8454-4', 0, 1),
('824.789.546-45', 'Hanzo', 'Hanzo', '123', 'Campo alegre,belo horizonte,45', 'MG', '3199557213', 'hanzo@gmail.com', 'Banco inter', '5555-2', '2354-4', 0, 1),
('824.789.546-85', 'Jorge', 'Jorge', '123', 'Rua morta,belo horizonte,45', 'MG', '31995577491', 'jorge@gmail.com', 'Banquinho do Equador', '5500-2', '3964-4', 0, 1),
('824.789.785-85', 'Watson', 'Watson', '63', 'Rua J,belo horizonte,99', 'MG', '31985577481', 'watson@gmail.com', 'Nubank', '7854-2', '2512-4', 0, 1),
('824.999.888-85', 'Lucio', 'lucio', '222', 'Rua triste,belo horizonte,85', 'MG', '31995596481', 'lucio@gmail.com', 'Banco do Brasil', '8888-2', '4568-4', 0, 1),
('854.789.546-80', 'Lucas', 'Lucas', '123', 'Rua alegre,belo horizonte,45', 'MG', '31995567481', 'lucas@gmail.com', 'Bando do Brasil', '8844-2', '4564-4', 0, 1),
('878.789.666-85', 'Carla', 'Carla', '456', 'Rua da várzea,belo horizonte,92', 'MG', '31956577481', 'carla@gmail.com', 'Caixa ', '5555-2', '8465-4', 0, 1);

--
-- Extraindo dados da tabela `produto`
--

INSERT INTO `produto` (`id`, `nome`, `tipo`, `valor`, `vendedor_cpf`, `foto`) VALUES
(1, 'Alface', 'Verdura', 3, '824.789.456-85', 'alface1.jpg'),
(2, 'Couve', 'Verdura', 5.5, '878.789.666-85', 'couve1.jpg'),
(3, 'Banana', 'Fruta', 5, '878.789.666-85', 'banana1.jpg'),
(4, 'Maçã', 'Fruta', 10, '824.999.888-85', 'maca1.jpg'),
(5, 'Manga', 'Fruta', 10.5, '878.789.666-85', 'manga1.jpg'),
(6, 'Abacate', 'Fruta', 9.5, '824.789.479-85', 'abacate1.jpg'),
(7, 'Tomate', 'Legume', 3.25, '824.789.479-85', 'tomate1.jpg'),
(8, 'Pepino', 'Legume', 5.35, '824.789.475-85', 'pepino1.jpg'),
(9, 'Cenoura', 'Legume', 2.5, '824.789.546-45', 'cenoura1.png'),
(10, 'Beringela', 'Legume', 10, '824.789.785-85', 'beringela1.jpg'),
(11, 'Laranja', 'Fruta', 5, '878.789.666-85', 'laranja1.jpg'),
(12, 'Chuchu', 'Legume', 6.5, '824.789.479-85', 'chuchu1.jpg'),
(13, 'Mandioca', 'legume', 20.6, '824.789.475-85', 'mandioca1.jpg'),
(14, 'Açaí', 'Fruta', 20, '824.789.785-85', 'acai1.jpg'),
(15, 'Abacaxi', 'Fruta', 10, '824.999.888-85', 'abacaxi1.jpg'),
(16, 'Amora', 'Fruta', 10.5, '824.999.888-85', 'amora1.jpg'),
(17, 'Pera', 'Fruta', 6.25, '824.789.785-85', 'pera1.jpg'),
(18, 'Pêssego', 'Fruta', 5.36, '824.789.785-85', 'pessego1.jpg'),
(19, 'Mamão', 'Fruta', 1.5, '824.789.546-85', 'mamao1.jpg'),
(20, 'Melancia', 'Fruta', 10.55, '824.789.546-45', 'melancia1.jpg'),
(21, 'Maracujá', 'Fruta', 5.35, '824.789.546-85', 'maracuja1.png'),
(22, 'Brócolis', 'Hortaliça', 5.25, '878.789.666-85', 'brocolis1.jpg'),
(23, 'Pimentão', 'Legume', 6.3, '824.999.888-85', 'pimentao1.jpg'),
(24, 'Kiwi', 'Fruta', 4.5, '824.789.785-85', 'kiwi1.jpg'),
(25, 'Milho', 'Legume', 4.5, '824.999.888-85', 'milho1.jpg'),
(26, 'Batata-inglesa', 'Legume', 5, '824.789.546-85', 'batata1.jpg'),
(27, 'Uva verde', 'Fruta', 4.98, '878.789.666-85', 'uva_verde1.jpg'),
(28, 'Uva roxa', 'Fruta', 2.99, '824.789.546-85', 'uva_roxa1.jpg'),
(29, 'Pitanga', 'Fruta', 3.69, '824.789.546-85', 'pitanga1.jpg'),
(30, 'Moranga', 'Fruta', 5.98, '824.999.888-85', 'morango1.jpg'),
(31, '50 Morangos + 2 Cachos de Banana + 5 Cachos de Uva Roxa', 'Pacote Promocional', 17.5, '824.789.475-85', 'pacote1.jpg'),
(32, '10 Mamões + 9 Milhos + 2 Cachos de Uvas Verdes', 'Pacote Promocional', 25.75, '824.789.546-45', 'pacote2.jpg'),
(33, '37 Chuchus + 7 Milhos + 12 Mangas + 10 abacates', 'Pacote Promocional', 14.49, '824.789.475-85', 'pacote3.jpg'),
(34, '10 Mamões + 17 Pacotes de Semente de Girassol + 4 Manga', 'Pacote Promocional', 11.20, '824.789.546-45', 'pacote4.jpg'),
(35, '2 Pepinos + 4 Melancias + 1 Pimentão + 10 Mandiocas', 'Pacote Promocional', 9.99, '824.999.888-85', 'pacote5.jpg'),
(36, '23 Alfaces + 10 Tomates + 2 Sacos de Laranja (30U)', 'Pacote Promocional', 29.42, '824.999.888-85', 'pacote6.jpg');

--
-- Extraindo dados da tabela `estoque`
--
INSERT INTO `estoque` (`id`, `quantidade`, `produto_id`, `vendedor_cpf`) VALUES (1, '22', '1', '824.789.456-85'), 
(2, '333', '2', '824.789.479-85'), 
(3, '17', '3', '878.789.666-85'),
('4', '60', '4', '824.999.888-85'), 
('5', '10', '5', '878.789.666-85'), 
('6', '763', '6', '824.789.479-85'), 
('7', '455', '7', '824.789.479-85'), 
('8', '123', '8', '824.789.475-85'), 
('9', '87', '9', '824.789.546-45'), 
('10', '4', '10', '824.789.785-85'), 
('11', '1065', '11', '878.789.666-85'), 
('12', '463', '12', '824.789.479-85'), 
('13', '367', '13', '824.789.475-85'), 
('14', '10', '14', '824.789.785-85'), 
('15', '2225', '15', '824.999.888-85'), 
('16', '9991', '16', '824.999.888-85'), 
('17', '1299', '17', '824.789.785-85'), 
('18', '14', '18', '824.789.785-85'), 
('19', '123', '19', '824.789.546-85'), 
('20', '316', '20', '824.789.546-45'), 
('21', '73', '21', '824.789.546-85'), 
('22', '22', '22', '878.789.666-85'), 
('23', '746', '23', '824.999.888-85'),
('24', '668', '24', '824.789.785-85'), 
('25', '10560', '25', '824.999.888-85'), 
('26', '9350', '26', '824.789.546-85'), 
('27', '450', '27', '878.789.666-85'), 
('28', '91', '28', '824.789.546-85'), 
('29', '28', '29', '824.789.546-85'), 
('30', '30', '30', '824.999.888-85'), 
('31', '30', '31', '824.789.475-85'), 
('32', '10', '32', '824.789.546-45'), 
('33', '7', '33', '824.789.475-85'), 
('34', '99', '34', '824.789.546-45'), 
('35', '40', '35', '824.999.888-85'), 
('36', '3', '36', '824.999.888-85');


--
-- Extraindo dados da tabela `compra_venda`
--
INSERT INTO `compra_venda` (`id`, `data`, `hora`, `valor`, `tp_pagamento`, `vendedor_cpf`, `cliente_cpf`, `entregador_cpf`, `status`) VALUES ('1', '2019-06-20', '08:00:00', '69', 'Boleto', '824.789.456-85', '111.222.333-45', '444.555.444-22', '1'), 
('2', '2019-09-01', '07:00:00', '297', 'Boleto', '878.789.666-85', '111.222.333-45', '444.555.444-22', '2'),
('3', '2019-08-10', '09:00:00', '170', 'Boleto', '878.789.666-85', '111.222.562-89', '444.555.444-22', '3'),
('4', '2019-09-01', '17:00:00', '160', 'Boleto', '824.999.888-85', '111.222.562-89', '555.444.888-12', '3'),
('5', '2019-08-10', '16:00:00', '819', 'Boleto', '878.789.666-85', '111.222.562-89', '555.444.888-12', '2'),
('6', '2019-06-20', '15:00:00', '940.5', 'Boleto', '824.789.479-85', '111.252.333-29', '555.444.888-12', '1'),
('7', '2019-07-15', '14:00:00', '104', 'Boleto', '824.789.479-85', '111.252.333-29', '656.595.474-26', '1'),
('8', '2019-09-01', '13:00:00', '417.3', 'Boleto', '824.789.475-85', '111.333.333-45', '656.595.474-26', '2'),
('9', '2019-07-15', '12:00:00', '2.5', 'Boleto', '824.789.546-45', '111.252.333-29', '656.595.474-26', '3'),
('10', '2019-04-07', '11:00:00', '10', 'Boleto', '824.789.785-85', '121.222.333-45', '858.585.484-29', '2'),
('11', '2019-08-10', '18:50:00', '115', 'Boleto', '878.789.666-85', '121.222.333-45', '858.585.484-29', '1'),
('12', '2019-09-01', '19:50:00', '624', 'Boleto', '824.789.479-85', '211.222.333-45', '858.585.484-29', '1'),
('13', '2019-08-10', '20:15:00', '2101.2', 'Boleto', '824.789.475-85', '214.789.333-45', '858.585.484-29', '2'),
('14', '2019-04-07', '20:15:10', '1700', 'Boleto', '824.789.785-85', '444.222.333-45', '888.555.444-29', '3'),
('15', '2019-03-02', '21:15:00', '350', 'Boleto', '824.999.888-85', '852.222.333-45', '888.555.444-29', '1'),
('16', '2019-09-01', '22:15:00', '21', 'Boleto', '824.999.888-85', '214.789.333-45', '888.555.444-29', '3'),
('17', '2019-03-02', '23:15:00', '12.5', 'Boleto', '824.789.785-85', '852.222.333-45', '444.555.444-22', '2'),
('18', '2019-03-02', '10:15:59', '5.36', 'Boleto', '824.789.785-85', '852.222.333-45', '444.555.444-22', '1'),
('19', '2019-01-08', '10:15:00', '27', 'Boleto', '824.789.546-85', '985.222.333-45', '444.555.444-22', '3'),
('20', '2019-09-01', '19:15:59', '200.45', 'Boleto', '824.789.546-45', '985.222.333-45', '444.555.444-22', '2'),
('21', '2019-08-10', '13:15:59', '34.45', 'Boleto', '824.789.546-85', '852.222.333-45', '555.444.888-12', '3'),
('22', '2019-08-10', '09:15:59', '10.5', 'Boleto', '878.789.666-85', '111.222.562-89', '555.444.888-12', '1'),
('23', '2019-02-04', '19:15:40', '504', 'Boleto', '824.999.888-85', '111.333.333-45', '555.444.888-12', '2'),
('24', '2019-09-01', '19:15:30', '450', 'Boleto', '824.789.785-85', '111.333.333-45', '656.595.474-26', '3'),
('25', '2019-02-16', '19:15:33', '252', 'Boleto', '824.999.888-85', '211.222.333-45', '656.595.474-26', '1'),
('26', '2019-02-04', '19:19:25', '50', 'Boleto', '824.789.546-85', '985.222.333-45', '656.595.474-26', '3'),
('27', '2019-08-10', '23:19:25', '124.5', 'Boleto', '878.789.666-85', '111.222.333-45', '858.585.484-29', '3'),
('28', '2019-09-01', '19:19:30', '35.88', 'Boleto', '824.789.546-85', '111.222.333-45', '858.585.484-29', '1'),
('29', '2019-08-10', '19:40:30', '369', 'Boleto', '824.789.546-85', '111.333.333-45', '858.585.484-29', '2'),
('30', '2019-05-04', '19:43:30', '59.8', 'Boleto', '824.999.888-85', '111.222.562-89', '888.555.444-29', '3'),
('31', '2019-05-19', '19:44:30', '29', 'Boleto', '824.789.475-85', '111.252.333-29', '888.555.444-29', '1'),
('32', '2019-09-01', '19:49:30', '51.5', 'Boleto', '824.789.546-45', '211.222.333-45', '888.555.444-29', '2'),
('33', '2019-05-04', '19:40:22', '149.9', 'Boleto', '824.789.475-85', '211.222.333-45', '444.555.444-22', '1'),
('34', '2019-05-28', '19:40:45', '56', 'Boleto', '824.789.546-45', '985.222.333-45', '555.444.888-12', '1'),
('35', '2019-08-10', '19:40:53', '39.96', 'Boleto', '824.999.888-85', '985.222.333-45', '656.595.474-26', '1'),
('36', '2019-09-01', '19:00:53', '88.26', 'Boleto', '824.999.888-85', '111.222.333-45', '858.585.484-29', '2');

--
-- Extraindo dados da tabela `item_venda`
--
INSERT INTO `item_venda` (`id`, `quantidade`, `produto_id`, `compra_venda_id`) VALUES ('1', '23', '1', '1'), 
('2', '54', '2', '2'), 
('3', '34', '3', '3'), 
('4', '16', '4', '4'), 
('5', '78', '5', '5'), 
('6', '99', '6', '6'), 
('7', '32', '7', '7'), 
('8', '78', '8', '8'), 
('9', '1', '9', '9'), 
('10', '23', '10', '10'), 
('11', '23', '11', '11'), 
('12', '96', '12', '12'), 
('13', '102', '13', '13'), 
('14', '85', '14', '14'), 
('15', '35', '15', '15'), 
('16', '2', '16', '16'), 
('17', '2', '17', '17'), 
('18', '1', '18', '18'), 
('19', '18', '19', '19'), 
('20', '19', '20', '20'), 
('21', '7', '21', '21'), 
('22', '2', '22', '22'), 
('23', '80', '23', '23'), 
('24', '100', '24', '24'), 
('25', '56', '25', '25'), 
('26', '10', '26', '26'), 
('27', '25', '27', '27'), 
('28', '12', '28', '28'), 
('29', '100', '29', '29'), 
('30', '10', '30', '30'), 
('31', '2', '31', '31'), 
('32', '2', '32', '32'), 
('33', '10', '33', '33'), 
('34', '5', '34', '34'), 
('35', '4', '35', '35'), 
('36', '3', '36', '36');

--
-- Extraindo dados da tabela `notificacao`
--

INSERT INTO `notificacao` (`codigo`, `titulo`, `descricao`, `cor`, `ativa`, `vendedor_cpf`, `cliente_cpf`) VALUES
(1, 'Teste notificação', 'Boa', 'success', 1, '824.789.456-85', '111.333.333-45'),
(2, 'Produto vendido', '..', 'success', 1, '824.999.888-85', NULL),
(3, 'Bem vindo', '.', 'success', 1, '824.789.475-85', '214.789.333-45');